appid,recommendationid,review_text,voted_up,timestamp_created,votes_up,votes_funny,weighted_vote_score,comment_count,playtime_at_review_minutes,playtime_forever_minutes,steamid
2734450,189848304,"Not bad at all, only if this kind of stuff is your cup of tea tho. DO NOT get it if you can't accept the themes
总体来说是个很不错的游戏，只要你能接受这种稍稍重口的就行。CG都很好看，男主们也都很有特色。",True,1741582735,0,0,0.5,0,240,244,76561198982691603
2734450,178221087,各位男主都太太太太太萌了——————！TAT 全都是超級有魅力的有病男！！,True,1730536190,0,0,0.5,0,302,387,76561199511061752
2734450,181640416,"我错了……我这辈子再也不搞骨科了…………（还有为什么没有闺蜜线可恶）
总体来说不错的游戏，虽然剧情有点碎碎的，全靠玩家意会，但有些角色还不错（虽然有些角色实在是。。）
以及还有好多前作的小彩蛋，[spoiler]老师是不是镜太郎啊？！[/spoiler]",True,1733218271,0,0,0.5,0,294,294,76561199241319870
2734450,176639688,"Too good, esp one of them actually sees me.",True,1728405473,0,0,0.5,0,239,240,76561198044291962
2734450,167681793,an interesting game,True,1718786148,0,0,0.5,0,298,298,76561199326653339
2734450,166726677,太爽了 个有个的特色 黄毛完全纯爱线啊啊啊啊啊啊 但是其实是因为哥哥买的哈哈哈哈哈哈,True,1717586684,0,0,0.5,0,144,288,76561199628595391
2734450,168347921,花五小时解锁全结局，我一个从来不打全结局的人为了解锁每一个角色的剧情硬生生存几十个档，真的很值各有特色，尤其是乌枉灯真的惊艳！爱死,True,1719517213,0,0,0.5,0,327,327,76561199700202568
2734450,167338299,"This is one game that you need to play all the endings to understand your love interest better. 
I like the insane endings and the anxiety endings for some of the characters. 
The secret guy after you clear all 5 main guys is worth it!",True,1718370248,7,0,0.623824417591094971,0,531,551,76561198037788352
2734450,171963032,春樹パイセンのdlcか続きがあれば欲しいなぁ～よろしくお願いします！（ネタバレする気０）,True,1723466566,0,0,0.5,0,324,620,76561198202340745
2734450,176817451,"This game is amazing for those who like otome VNs with darker themes. I was thoroughly satisfied with the characters, they were unique in their own ways. The endings are great, and some just blew my mind away. I'm also a big fan of some of the soundtracks as well. It may be quite short, but it's perfectly packed. My favourite character is Haruki!

Overall, this game is extremely worth getting if you are a fan of the premise!",True,1728649107,9,0,0.650381028652191162,0,482,784,76561198971649950
2734450,169071311,like,True,1720197954,0,0,0.5,0,474,476,76561199139166882
2734450,185657080,"値段以上の価値です。
びっくりする展開が何回かあります。
コンプリートした後もずっと考えちゃうほど好きでした",True,1736961012,0,0,0.5,0,490,494,76561198834198534
2734450,208303637,"Insanity is so, so fun~",True,1762163607,0,0,0.5,0,1270,2294,76561198434881039
2734450,173546842,Probably one of the best games I've played in a very long while. It's a little bit short but has no wasted moments which makes it perfect. All of the characters are wonderful and I can't wait to play the creator's other game as well!!,True,1724773132,3,0,0.551092743873596191,0,709,876,76561198182183978
2734450,204390441,"Great otome game with an interesting concept! I played the Japanese version and completed all the endings in about 15 hours. The routes are fairly short and it's easy to clear without a guide thanks to the gauge. (However some endings are not accessible before clearing other ones.)
All characters are more or less ""yandere"" or at least red flags, but each in a very unique way. The game also has a general plot linking all the routes together, so I would recommend clearing all the endings to get the full picture.
(Also Lito = best boi.)",True,1757935725,0,0,0.5,0,892,894,76561199445769196
2734450,204456379,"Folie Fatale, developed by Kanmidoko (神海処) and published by 346lab Localization, is a visual novel that veers sharply from convention, weaving psychological horror and romance into a narrative that is as emotionally jarring as it is engrossing. From the outset, it positions itself not just as a dark story but as a deep exploration of obsession, vulnerability, and the terrifying fragility of the human mind. At its center is a seemingly ordinary high school girl—Sakura Natsuki—who, for reasons beyond her control, becomes the gravitational center for a series of deeply disturbed men. These are not simply ""flawed"" love interests; they are emotionally volatile, dangerously obsessive, and at times, outright threatening. The game doesn’t flinch from showing the consequences of their mental instability, creating an atmosphere that feels more like a psychological trap than a love story.

The structure of the game is relatively straightforward in visual novel terms: choose your route, make decisions, uncover different endings. But Folie Fatale enhances that formula by giving each of its five main characters multiple endings—three standard, and one secret per route—plus an unlockable bonus path that extends the story in an unexpected direction. Each route dives deep into the psyche of its respective male lead, slowly unraveling their traumas, delusions, and motives. While some endings steer toward disturbing intimacy or tragic consequences, others explore what it means to survive or even love someone irreparably broken. These paths aren’t simply alternate conclusions—they reflect different psychological outcomes, offering an unsettling sense of realism in how trauma and obsession can unfold in unpredictable ways.

One of the most compelling aspects of the game is its unapologetic commitment to discomfort. It doesn’t merely dip its toes into dark subject matter—it dives in headfirst. Themes of self-harm, emotional dependency, suicidal ideation, stalking, codependency, and even incest appear at various points in the story. Yet, this is not horror for its own sake. The writing, while melodramatic in places, takes these themes seriously, aiming not to exploit but to expose the kinds of deep-seated wounds that can fester in relationships built on fear, need, and guilt rather than trust. The characters are often pitiable, sometimes loathsome, and rarely simple. You’re not asked to love them in spite of their flaws—you’re asked to understand how love itself can become the flaw.

The game’s art style does a remarkable job of reinforcing its uneasy tone. Character designs balance between attractive and subtly unsettling, using expressions, body language, and carefully detailed backgrounds to create an atmosphere that shifts from deceptively serene to psychologically claustrophobic. The UI is clean and functional, though entirely in Japanese and Simplified Chinese, which might limit accessibility for some players. Despite its relatively short length—most routes can be completed in a few hours—the game makes efficient use of its time. The pacing is tight, sometimes almost too tight, with some story developments arriving abruptly or lacking sufficient buildup. Still, the brevity helps avoid filler, making the emotional swings hit harder.

Folie Fatale’s most significant strength lies in how it redefines the visual novel romance format. Instead of providing players with idealized love interests and cozy narrative arcs, it offers a gallery of characters who are, in many ways, antagonists to their own stories. Their mental health issues are not surface-level quirks but central to the plot, and navigating their paths feels less like flirting and more like walking a psychological minefield. That tension is precisely what gives the game its power. Each decision feels weighted, not just in terms of plot progression but in terms of emotional consequence. Do you soothe or confront? Do you run or stay? The answers are never obvious, and even the ""right"" ones can lead to devastating outcomes.

Still, Folie Fatale is not without flaws. Some players may find the routes uneven, with a few characters receiving more narrative attention or more satisfying arcs than others. Certain twists feel rushed, likely a consequence of the game’s compact structure, and some endings lack the emotional resolution their build-up seems to promise. Additionally, without an official English translation, the game remains inaccessible to a wider global audience, which is unfortunate given its strong thematic resonance and unique storytelling approach. That said, fan interest in unofficial translations speaks volumes about the game's impact within niche visual novel communities.

The additional content released post-launch, including the DLC titled “交錯ファナティシズム,” expands the game further with new storylines, deeper dives into character psychology, and even seasonal scenarios like a winter-themed dating sequence. These updates help round out the characters and inject a touch of levity, though even in its lighter moments, the game never completely abandons its darker tone. Instead, it uses these contrasts to reinforce its central idea—that love, in all its forms, can be as destructive as it is beautiful.

In the end, Folie Fatale is not a romance visual novel in the traditional sense. It is a psychological descent dressed in the trappings of dating sim conventions. For those looking for heartwarming relationships or fairy-tale endings, this game will likely prove alienating, perhaps even offensive. But for players drawn to narrative risk-taking, emotional ambiguity, and the horror that often lies beneath desire, it offers a uniquely unsettling and unforgettable experience. It demands that you look love in the face—and ask whether it's truly love at all.

Rating: 8/10",True,1757999303,2,1,0.496658235788345337,0,983,983,76561198367471798
2734450,166710643,"My play time: 18h

Pros:
- wonderful LIs
- amazing music
- great art + CGs
- good story
- badass ends
- dark + blood + twisted
- good romance

Cons:
- very short routes
- pacing is more or less on some routes

9/10",True,1717559921,15,0,0.706340372562408447,0,1112,1232,76561198256930365
2734450,168943260,"얀데레를 좋아하면 추천합니다
여러가지 맛(?)의 얀데레를 볼 수 있어서 좋습니다ㅋㅋ
모 루트는 호불호가 갈릴 수 있겠지만(저는 불호)
그 외에는 전부 재미있었습니다 일본어도 쉬운편이라 술술 읽히는 편이었고
게임 플레이시간은 이렇게 쓰여있지만, 켜놓고 다른걸 한 시간이 많아서... 
실제 플레이 시간은 10시간정도? 한 것 같아요
아쉬운 점이라면 목소리가 있었다면 더 몰입되고 재미있었겠다 정도..?
그래도 상상하면서 하는 맛도 있으니까요ㅋㅋㅋ 추천합니다",True,1720067382,0,0,0.5,0,1496,2032,76561199244889769
