appid,primary_genre_query,name,type,release_date,is_free,developers,publishers,genres,short_description,num_reviews_in_query,review_score,review_score_desc,total_positive,total_negative,total_reviews
1566200,sports,Tape to Tape,game,"3 May, 2023",False,Excellent Rectangle,Excellent Rectangle,"Action, Sports, Early Access","Tape to Tape is a roguelite hockey game where every choice matters on your journey to build the best hockey team. Choose your path, hire unique players, discover synergies between them, pick unique abilities, bribe the referees or visit the Blademaster on your way to restore hockey's former glory.",100,,,,,
1324350,sports,Turbo Golf Racing,game,"4 Apr, 2024",False,Hugecalf Studios,Hugecalf Studios,"Action, Racing, Sports","An action-packed fusion of racing and golf. Traverse across a diverse range of courses, using your car to skilfully putt your ball in the hole. Face off against 7 opponents in Race mode, make every shot count in golf mode, or test your skills against the clock in Time Trials.",100,,,,,
2494350,sports,Pro Cycling Manager 2024,game,"6 Jun, 2024",False,Cyanide Studio,Nacon,"Simulation, Sports","Become a sports director, take part in the world's top cycling races and lead your riders to victory. Set race objectives, negotiate contracts, find new sponsors and build your team season after season.",72,,,,,
853200,sports,Shred! 2 - ft Sam Pilgrim,game,"24 Dec, 2018",False,ASBO Interactive,ASBO Interactive Ltd,"Action, Indie, Racing, Sports","Ride as Mountain Bike legend Sam Pilgrim, and use the advanced trick system to bust out insane combos in over 40 hand crafted levels. Created out of passion for the sport by a solo developer, Shred! 2 is the most authentic MTB gaming experience available!",100,,,,,
301120,sports,Eastside Hockey Manager,,,,,,,,100,,,,,
798290,sports,MXGP PRO,game,"29 Jun, 2018",False,Milestone S.r.l.,Milestone S.r.l.,"Racing, Simulation, Sports","Adjust your bike's configuration like a mechanic and win a race with the new Pro Physics. Practice in the Compound, a vast area where you can freely explore or compete against the AI. All the official tracks and riders from the 2017 season await you!",100,,,,,
2751350,sports,Golf Guys,game,"20 May, 2024",False,VOODOO,"QubicGames, Gamersky Games","Casual, Sports","Face off against a dozen opponents in an ultimate golf battle royale, or invite friends to play in multiplayer mode for up to 4 players!",2,,,,,
2185930,sports,Football Club Management 2023,game,"7 Dec, 2022",True,Go Play Games Ltd,Go Play Games Ltd,"Indie, Simulation, Sports, Strategy","Take control of a Real Football Club or create your own club, in Football Club Manager 2023 a fast-paced Football Club Management Game. Download Football Club Manager 2023 now for FREE &amp; start your Football management journey.",25,,,,,
2128140,sports,Deer Hunting - The Season,game,"7 Oct, 2022",False,Chaos Entertainment,Chaos Entertainment,"Simulation, Sports","Hunt Deer that act and react differently depending on the time of the season, weather and rut stage. Bucks very in size and you will be able to hunt monster bucks that have potential to score well over 200 inches. Each successful hunt gains you EXP and you can purchase / upgrade gear and firearms.",99,,,,,
2703280,sports,Climb Challenge - Find Items Cyberpunk,game,"3 Jan, 2024",False,Hede,Hede,"Action, Adventure, Casual, Indie, Racing, RPG, Simulation, Sports, Strategy","Hidden-object adventure game. The player needs to run around the location and look for objects in secret places, climbing into them along walls and ledges.",9,,,,,
1733170,horror,Killing Time: Resurrected,game,"17 Oct, 2024",False,"Nightdive Studios, 3DO","Nightdive Studios, Ziggurat",Action,"Journey into a mansion on the Island of Matinicus where you'll arrive to find the mansion full of hellacious demonic creatures. Solve deadly puzzles, uncover the secrets behind a famous mystery and discover an ancient artifact from the Pharaoh Ramses, if you can live long enough to find it.",100,,,,,
2194530,horror,Yog-Sothoth’s Yard,game,"19 Oct, 2023",False,Bone Nail,"Bone Nail, Shochiku (Japan)","Indie, RPG, Simulation","Manage a hotel and hire employees including Death, a dragon, a Demon-Slayer, and a bioroid maid. Build your wealth through various means and refine your strategies based on the predictions of Oracles. Your choices will determine which employees become enamored with you.",100,,,,,
3498650,horror,Cut That Wire,game,"22 Oct, 2025",False,WakaStudio,WakaStudio,"Casual, Indie",Deadly space station and heart skipping card game. “Old Maid”: Win the game or risk cutting the right wire and avoid being ejected to space.,86,,,,,
381210,horror,Dead by Daylight,game,"14 Jun, 2016",False,Behaviour Interactive Inc.,Behaviour Interactive Inc.,Action,"Trapped forever in a realm of eldritch evil where even death is not an escape, four determined Survivors face a bloodthirsty Killer in a vicious game of nerve and wits. Pick a side and step into a world of tension and terror with horror gaming's best asymmetrical multiplayer.",100,,,,,
2599270,horror,Gem Defender: Soyjak Survivors,game,"23 Oct, 2023",False,"Coby Dox, Chudd Howard",GoonCorp Inc.,"Action, Casual, Indie, Strategy",Follow Chud on his fight against Dr Soystein's 'jak army in this spine-tingling survival shooter. NOW FEATURING BADLANDSCHUGS,100,,,,,
3316350,horror,Flesh Made Fear,game,"31 Oct, 2025",False,Tainted Pact,Assemble Entertainment,"Action, Indie","Tank controls. Fixed cameras. Pure Terror. Set in a haunting world of twisted experiments and occult nightmares, this game brings back the survival horror mechanics you know and love while pushing the genre into terrifying new depths.",100,,,,,
3604780,horror,Sunken Engine,game,"16 Oct, 2025",False,Two Nomads Studio,PlayWay S.A.,"Adventure, Indie, Simulation, Early Access",Sunken Engine Lovecraftian Ship Repair Simulation. Restore your father’s old shipyard. Each arriving ship carries a dark mystery to be solved. Keep your customers satisfied while dealing with the strange and eerie happenings on the island.,100,,,,,
3011030,horror,NO-SKIN,game,"16 Feb, 2025",False,NoEye-Soft,NoEye-Soft,"Indie, RPG","Horror Roguelike characterized by an experimental artstyle and storytelling, strategic gameplay and deep mysteries",100,,,,,
3706160,horror,[Bober Bros] No Means Nothing,game,"5 Dec, 2025",False,BOBER BROS,BOBER BROS,"Action, Adventure, Casual, Indie, Simulation",PSYCHOLOGICAL HORROR // ANTI-DATING SIM about learning to say NO.,46,,,,,
218640,horror,Lucius,game,"26 Oct, 2012",False,Shiver Games,Shiver Games,"Action, Adventure, Indie","Equipped with supernatural powers, take control of Lucius as he begins his blood filled tour of horror through his own house.",100,,,,,
327740,science_fiction,TRON 2.0,game,"10 Oct, 2014",False,"Monolith Productions, Inc.",Disney,Action,"Over 35 levels of challenging gameplay -- Race at the speed of light, fight off computer Viruses and engage in violent digital combat.",100,,,,,
1268750,science_fiction,Starship Troopers: Extermination,game,"10 Oct, 2024",False,Offworld,Offworld,"Action, Indie","Starship Troopers: Extermination is a 16-player co-op FPS that puts you on the far-off frontlines of an all-out battle against the Bugs! Squad up, grab your rifle, and do your part as an elite Deep Space Vanguard Trooper to take back planets from the Arachnid threat!",100,,,,,
3327170,science_fiction,Minutescape,game,"15 Apr, 2025",False,Molter,Poysky Productions,"Casual, Simulation, Strategy","Dodge bullets and upgrade yourself in Minutescape, a retro-inspired incremental game that keeps unfolding. Unlock new abilities and keep upgrading yourself to survive for 5 consecutive minutes.",100,,,,,
233270,science_fiction,Far Cry 3 - Blood Dragon,game,"1 May, 2013",False,Ubisoft Montreal,Ubisoft,"Action, Adventure","Far Cry® 3: Blood Dragon is THE Kick-Ass Cyber Shooter.Welcome to an 80’s vision of the future. The year is 2007 and you are Sargent Rex Colt, a Mark IV Cyber Commando. Your mission: get the girl, kill the baddies, and save the world.",100,,,,,
1638300,science_fiction,Solargene,game,"31 Jan, 2022",False,Alexander Semenov,Alexander Semenov,"Indie, Simulation, Strategy, Early Access","Take Command of a Space Corporation in the Sci-Fi Simulator Solargene! Manage personnel, design and develop colonies and orbital stations across the solar system! Mine resources, establish logistics, research cutting-edge technologies, trade, and complete missions",100,,,,,
2101960,science_fiction,Cronos: The New Dawn,game,"5 Sep, 2025",False,Bloober Team,Bloober Team SA,Action,"A whole new breed of survival horror emerges with Cronos: The New Dawn. Survive the brutal wastelands of the future, fight nightmarish merging creatures and jump back in time to harvest souls as you seek to uncover the origins of the apocalypse that wiped out humanity.",100,,,,,
743890,science_fiction,Mega Man X Legacy Collection,game,"24 Jul, 2018",False,"CAPCOM CO., LTD","CAPCOM CO., LTD",Action,"Mega Man X Legacy Collection includes the legendary 16-bit titles and the series’ exciting foray into the 32-bit era: Mega Man X, Mega Man X2, Mega Man X3, and Mega Man X4. Test your skills in the new X Challenge mode, which pits players against two deadly bosses at once.",100,,,,,
698670,science_fiction,Scorn,game,"14 Oct, 2022",False,Ebb Software,Kepler Interactive,"Action, Adventure, Indie",Scorn is an atmospheric first-person horror adventure game set in a nightmarish universe of odd forms and somber tapestry.,100,,,,,
1544020,science_fiction,The Callisto Protocol™,game,"1 Dec, 2022",False,Striking Distance Studios,"KRAFTON, Inc.","Action, Adventure",Survive to escape the horrors of Callisto and uncover the dark secrets of Jupiter’s dead moon.,100,,,,,
2147380,science_fiction,Heroes of Science and Fiction,game,"30 Sep, 2024",False,Oxymoron Games,Oxymoron Games,"Indie, RPG, Strategy, Early Access","A turn-based sci-fi strategy that combines exploration and exciting clashes on the battlefield. Take control over several different species, raise powerful armies for your heroes and destroy your opponents! This HoMM-like is set in a scifi universe, with new mechanics on top of the classic formula.",100,,,,,
200260,exploration_open_world,Batman: Arkham City - Game of the Year Edition,game,"7 Sep, 2012",False,Rocksteady Studios,WB Games,"Action, Adventure",Get Batman: Arkham City and all DLC for one low price with the release of the GOTY Edition!,100,,,,,
2290180,exploration_open_world,Riders Republic,game,"8 Jun, 2023",False,"Ubisoft Annecy, Ubisoft Belgrade, Ubisoft Kyiv, Ubisoft Pune, Ubisoft Odesa",Ubisoft Entertainment,"Massively Multiplayer, Sports","Jump into a massive multiplayer playground! Bike, ski, snowboard, or wingsuit across an open world sports paradise.",100,,,,,
2703850,exploration_open_world,Rooftops &amp; Alleys: The Parkour Game,game,"16 Jun, 2025",False,MLMEDIA,"MLMEDIA, Radical Theory, Shine Group","Indie, Simulation, Sports","In solo or with your friends, explore in total freedom massive-parkour-ready maps. Uncover hidden spots, time trials, trick challenges, and more! In multiplayer, dive into game modes like TAG, Capture The Flag, and Trick Battles!",100,,,,,
517630,exploration_open_world,Just Cause 4 Reloaded,game,"4 Dec, 2018",False,Avalanche Studios,Square Enix,"Action, Adventure","Rogue agent Rico Rodriguez journeys to Solis, a huge South American world home of conflict, oppression and extreme weather conditions. Strap into your wingsuit, equip your fully customizable grappling hook, and get ready to bring the thunder!",100,,,,,
352400,exploration_open_world,LEGO® Jurassic World,game,"11 Jun, 2015",False,TT Games Ltd,Warner Bros. Interactive Entertainment,"Action, Adventure","Following the epic storylines of Jurassic Park, The Lost World: Jurassic Park and Jurassic Park III, as well as the highly anticipated Jurassic World, LEGO Jurassic World™ is the first videogame where players will be able to relive and experience all four Jurassic films.",100,,,,,
1771300,exploration_open_world,Kingdom Come: Deliverance II,game,"4 Feb, 2025",False,Warhorse Studios,Deep Silver,"Action, Adventure, RPG","A thrilling story-driven action RPG, with a rich open world, set in 15th century Medieval Europe. Experience the ultimate medieval adventure - through the eyes of young Henry - as you embark on a journey of epic proportions.",100,,,,,
1394960,exploration_open_world,Winter Survival,game,"19 Nov, 2025",False,DRAGO entertainment,"DRAGO entertainment, HeartBeat Games","Action, Adventure, Indie, Simulation","Winter Survival is a story-driven survival game where trauma turns reality into a reflection of your breaking mind. Battle cold, hunger, hallucinations, and adapt to the wilderness as it adapts to you.",100,,,,,
298110,exploration_open_world,Far Cry® 4,game,"17 Nov, 2014",False,"Ubisoft Montreal, Red Storm, Shanghai, Toronto, Kiev",Ubisoft,"Action, Adventure","Hidden in the towering Himalayas lies Kyrat, a country steeped in tradition and violence. You are Ajay Ghale. Traveling to Kyrat to fulfill your mother’s dying wish, you find yourself caught up in a civil war to overthrow the oppressive regime of dictator Pagan Min.",100,,,,,
9900,exploration_open_world,Star Trek Online,game,"31 Jan, 2012",True,Cryptic Studios,Arc Games,"Massively Multiplayer, RPG, Free To Play","In Star Trek Online, the Star Trek universe appears for the first time on a truly massive scale. Players take the captain's chair as they command their own starship and crew. Explore strange new worlds, seek out new life and new civilizations, and boldly go where no one has gone before.",100,,,,,
838350,exploration_open_world,The Scroll Of Taiwu,game,"20 Sep, 2018",False,ConchShip Games,ConchShip Games,"Adventure, Casual, Indie, RPG, Strategy, Early Access","&quot;The Scroll of Taiwu&quot; is an indie game themed around Chinese mythology and wuxia. Players assume the role of the mysterious &quot;heir of the Taiwu clan&quot; in an alternate ancient China, working through generations of heirs to defeat a powerful hereditary enemy and shape the fate of the human world.",100,,,,,
1858630,anime,SWORD ART ONLINE Fractured Daydream,game,"3 Oct, 2024",False,Dimps Corporation,Bandai Namco Entertainment,"Action, Casual, RPG",Introducing the 2nd installment for the 10th anniversary of SWORD ART ONLINE! A total of 21 characters from the series join the battle beyond memory—a challenge taken on solo or with friends. Go beyond memory... and Switch!,100,,,,,
1353230,anime,Bomb Rush Cyberfunk,game,"18 Aug, 2023",False,Team Reptile,Team Reptile,"Action, Adventure, Indie",Bomb Rush Cyberfunk is 1 second per second of advanced funkstyle. Battle rival crews and dispatch militarized police to conquer the five boroughs of New Amsterdam. Become All City.,100,,,,,
1900250,anime,Demonschool,game,"19 Nov, 2025",False,Necrosoft Games,Ysbryd Games,"RPG, Strategy","Demonschool is a new-style tactics RPG where motion equals action. Defeat big weirdos in between the human and demon worlds as Faye and her misfit companions, while navigating university life on a mysterious island.",100,,,,,
1105510,anime,Yakuza 5 Remastered,game,"28 Jan, 2021",False,Ryu Ga Gotoku Studio,SEGA,"Action, Adventure","Get ready for a Yakuza experience of unprecedented scale! Follow five characters across five Japanese cities, each trying to achieve their dream. The connections between them bring them together, but the conflict that unfolds is nothing any of them could have predicted.",100,,,,,
1786790,anime,Magical Girl Celesphonia,game,"6 May, 2022",False,Shimobashira Workshop,Kagura Games,"Adventure, Indie, RPG","Amane has always lived for herself, choosing to focus on her studies and happiness. But what will she do when given magical powers beyond human comprehension to face a horde of terrible monsters? It's time for her to become Magical Girl Celesphonia!",100,,,,,
1078350,anime,Ambrosia,game,"29 Jan, 2021",False,Shimobashira Workshop,Kagura Games,"Indie, RPG","The apprentice priestess Flode is dedicated to serving the God of Light, Leight, but when she's suddenly wrapped up in a scandal, she's sent to a remote island to spread the faith. Little does everyone know, the island houses long-forgotten secrets of its own...",100,,,,,
222420,anime,THE KING OF FIGHTERS '98 ULTIMATE MATCH FINAL EDITION,game,"16 Dec, 2014",False,"SNK CORPORATION, Code Mystics",SNK CORPORATION,Action,"After “KOF '98”, often praised by the fans as the best installment in the “KOF” series, and “KOF ’98 UM” 10 years later, “KOF ’98” returns now on the Steam PC gaming platform in an ultimate and final version with THE KING OF FIGHTERS ’98 ULTIMATE MATCH FINAL EDITION",100,,,,,
589530,anime,Hakuoki: Kyoto Winds,game,"24 Aug, 2017",False,"Idea Factory, Design Factory",Idea Factory International,Adventure,"Romance 12 handsome warriors and the samurai of the Shinsengumi, uncover their dark secrets, and conquer your demons in this historical fantasy visual novel! Your narrative choices unlock multiple branching storylines and 30 different endings!",100,,,,,
1539140,anime,STONKS-9800: Stock Market Simulator,game,"17 Jul, 2023",False,TERNOX,TERNOX,"Indie, Simulation, Early Access","Simulator of an 80s Japanese stock market businessman. Chill, catch a retro vibe and watch your profits grow in the text-based game STONKS-9800.",100,,,,,
1724320,anime,Noelle Does Her Best!,game,"12 Aug, 2022",False,Aprico Koubou,Kagura Games,"Indie, RPG","After an unfulfilling childhood in the countryside, Noelle jumps at the first opportunity to move out and live on her own. Little does she know, her new home comes with the world's worst housewarming gift: a debt to the tune of a million gold, which she only has 10 days to repay! It's time for Noelle to do her best!",46,,,,,
3170640,survival,Cult of the Child Eater,game,"20 Nov, 2025",False,Uncle George Games,Uncle George Games,"Action, Adventure, Indie, Early Access","Escape a Cold War orphanage in this co-op 1-6 player survival horror. Solve shifting puzzles, evade cultists, and survive the Child Eater’s arrival.",12,,,,,
1151380,survival,Cowboy Life Simulator,game,"26 Nov, 2025",False,Odd Qubit,RockGame S.A.,"Action, Adventure, Casual, RPG, Simulation, Early Access","“Cowboy Life Simulator” is an immersive and relaxing ranching sim where you step into the boots of a failed businessman starting fresh on the frontier. Buy your first goat, meet the locals, explore vibrant lands, and build your dream ranch in a world full of stories and adventure!",100,,,,,
1779200,survival,Thrive,game,"26 Nov, 2021",False,Revolutionary Games Studio,Revolutionary Games Studio,"Casual, Indie, Simulation, Early Access",An evolution simulation game. Take control of your species in the environment and edit your species as a whole. Compete with other evolving species for resources on an alien planet.,100,,,,,
505230,survival,Pathologic 2,game,"23 May, 2019",False,Ice-Pick Lodge,tinyBuild,"Adventure, Indie, RPG",Pathologic 2 is a groundbreaking open-world horror RPG. Resist the plague. Make medicine. Heal people. Perform an autopsy. Trade to get what you need. Fight and kill if necessary. Survive. Struggle with an outbreak in a secluded rural town that is rapidly turning into hell.,100,,,,,
1364290,survival,Animalia Survival,game,"9 Sep, 2021",False,High Brazil Studio,High Brazil Studio,"Action, Adventure, Indie, Massively Multiplayer, Simulation, Strategy, Early Access","Live as your favourite african animal, choose between being a carnivore, herbivore or omnivore, predator or prey. In this multiplayer ecosystem, with a realistic open world, choose to become a lion, a elephant or even a swift gazelle! But remember, the savannahs law is to survive at any cost!",100,,,,,
1306630,survival,Lost Ruins,game,"13 May, 2021",False,ALTARI GAMES,DANGEN Entertainment,"Action, Adventure, Indie","Lost Ruins is a 2D side-scrolling survival action game, where you play as a young girl that has awoken in a strange and foreign place without her memories. Explore a dark and dangerous world, battle hideous monsters, and topple incredible bosses.",100,,,,,
1227280,survival,Despot's Game: Dystopian Battle Simulator,game,"29 Sep, 2022",False,Konfa Games,tinyBuild,"Indie, RPG, Strategy","Guide puny humans through Despot's Game - a rogue-like tactics army battler. Equip your team and sacrifice them through procedural dungeons as you fight enemies, and other players!",100,,,,,
3371770,survival,Funguys Swarm,game,"21 Aug, 2025",False,Stairway Games,Stairway Games,"Action, Early Access","Funguys Swarm is a cartoony survivor bullet hell where the forest is on fire. Become a Funguy, arm yourself with forest-crafted weapons, and unleash some bonkers powers on the Fireking’s army. And maybe... just maybe, save the day if you’re skilled (or lucky) enough.",100,,,,,
328080,survival,Rise to Ruins,game,"14 Oct, 2019",False,Raymond Doerr,SixtyGig Games,"Indie, Simulation, Strategy","A brutal godlike village sim that melds the god game, management, and tower defense genres! Fight off hoards of monsters at night, and expand your village in the day time. Inspired by games like Black and White, Rimworld, and Dwarf Fortress but not quite like any of them.",100,,,,,
2738940,survival,Voids Vigil,game,"10 Mar, 2025",False,caiys,caiysware,"Action, Indie","Blast through robotic hordes in this arena auto-battler rogue-lite Brotato-like. Use auto-firing weapons and drones, timely dashes and special abilities to reach the Void where a final Conservator awaits convergence. Spend your Cogs wisely within the varied shops to create unique builds!",100,,,,,
756800,action_fps,Contraband Police,game,"8 Mar, 2023",False,Crazy Rocks,PlayWay S.A.,"Action, Adventure, Simulation","Take over the duties of a border guard inspector in a communist country of the 80's. Smuggling, corruption and forgery are the order of the day here. Be vigilant and earn the respect of your superiors.",100,,,,,
751630,action_fps,After the Fall®,game,"9 Dec, 2021",False,Vertigo Games,Vertigo Games,"Action, Adventure",From the team that brought you Arizona Sunshine® comes an epic VR action FPS with intense co-op gameplay at its core. Team up with friends and take on a hostile VR world filled with ferocious undead--mutated and twisted by the relentless cold.,100,,,,,
500,action_fps,Left 4 Dead,game,"17 Nov, 2008",False,Valve,Valve,Action,"From Valve (the creators of Counter-Strike, Half-Life and more) comes Left 4 Dead, a co-op action horror game for the PC and Xbox 360 that casts up to four players in an epic struggle for survival against swarming zombie hordes and terrifying mutant monsters.",100,,,,,
842180,action_fps,Prison Simulator,game,"4 Nov, 2021",False,Baked Games,"PlayWay S.A., Baked Games","Action, Adventure, Casual, Indie, RPG, Simulation","Get a taste of prison life! Become a prison guard and deal with dangerous convicts. Prison management, lots of daily activities. Will you become the best guard in history? Or maybe you'll turn into the worst scumbag this Prison has ever seen?",100,,,,,
7670,action_fps,BioShock™,game,"21 Aug, 2007",False,"2K Boston, 2K Australia",2K,"Action, RPG","BioShock is a shooter unlike any you've ever played, loaded with weapons and tactics never seen. You'll have a complete arsenal at your disposal from simple revolvers to grenade launchers and chemical throwers, but you'll also be forced to genetically modify your DNA to create an even more deadly weapon: you.",100,,,,,
3099790,action_fps,Operation Night Strikers,game,"6 Aug, 2025",False,"M2 Co., Ltd.",TAITO CORP.,Action,Taito's 80's arcade hits hit back! Four milestones of the 80s arcade movement in one action-packed compilation!,16,,,,,
541200,action_fps,GTTOD: Get To The Orange Door,game,"27 Oct, 2017",False,Andrew Smith,Hitcents,"Action, Adventure, Indie, Early Access",RISE. FALL. REPEAT. Ascend to the level of the Gods as you battle your way out of a shattered and chaotic dimension in this fast paced parkour FPS rogue-like.,100,,,,,
317040,action_fps,Strife: Veteran Edition,game,"12 Dec, 2014",False,Rogue Entertainment,Nightdive Studios,"Action, RPG","Hailed as the original FPS-RPG game that spawned countless imitators, Strife: Veteran Edition is a love letter to the classic from 1996.",100,,,,,
973580,action_fps,Sniper Ghost Warrior Contracts,game,"22 Nov, 2019",False,CI Games,CI Games,Action,"Become the ultimate assassin in the most realistic modern warfare sniping game available. Engage in an immersive single-player campaign across large, open-ended maps. Tactical thinking, stealth approach and precision in execution of long shots required.",100,,,,,
448850,action_fps,Overload,game,"31 May, 2018",False,"Revival Productions, LLC","Revival Productions, LLC",Action,"A new six-degree-of-freedom shooter with intuitive controls, amazing lighting and graphics. From the creators of Descent, Overload is the best zero-gravity robot-blasting combat ever.",100,,,,,
2599300,hidden_object,Dead Signal,game,"20 Oct, 2023",False,Reflect Studios,Reflect Studios,Simulation,"Monitor camera feeds, report valuable info, and hand-deliver shady packages. An hourly quota of reports will test your keen eye to spot the differences, while timed deliveries will force you outside unexpectedly. Until you clock out for the night almost nowhere is safe.",100,,,,,
1564540,hidden_object,10 Dead Doves,game,"13 Dec, 2024",False,"Duonix Studios, Mark Byram II, Sean-Michael Millard",Duonix Studios,"Adventure, Indie","The critically acclaimed surreal horror adventure. Two hikers, Mark and Sean, avoid monsters, survive disaster, and search Appalachia for the legend of the Ant Farm, a mythic place rumored to make your dreams come true.",100,,,,,
3386650,hidden_object,Lateral Thinking Together,game,"10 Oct, 2025",False,PushForward,PushForward,"Casual, Indie, Early Access",Crack the Mystery Together! &quot;Lateral Thinking Together&quot; is a cooperative and competitive online multiplayer game that challenges your knowledge and deductive reasoning to uncover the truth. Solve incomprehensible stories with creative thinking and flashes of insight!,1,,,,,
429720,hidden_object,IMSCARED,game,"3 Feb, 2016",False,Ivan Zanotti's MyMadnessWorks,Ivan Zanotti's MyMadnessWorks,"Action, Adventure, Indie",&quot;I need a Heart in order to open it&quot;,100,,,,,
524600,hidden_object,Dark Parables: Curse of Briar Rose Collector's Edition,game,"9 Sep, 2016",False,Blue Tea Games,BFG Entertainment,"Adventure, Casual",Save Sleeping Beauty!,64,,,,,
3809620,hidden_object,100 Cats Lost in Thailand Find &amp; Color,game,"11 Sep, 2025",True,Two Cats Games,Two Cats Games,"Casual, Indie, Free To Play","🐱 Discover 100 hidden cats 🌍 in handcrafted scenes that capture the spirit of each country. Relax with color-by-numbers 🎨 and bring illustrations to life. Play solo or in cozy co-op 👯‍♂️, while Meow FM 🎶 sets the mood.",30,,,,,
1573750,hidden_object,100 hidden mushrooms,game,"23 Mar, 2021",False,"Anatoliy Loginovskikh, Catherine Svyataya",Anatoliy Loginovskikh,"Adventure, Casual, Indie",Hidden object game in a fairytale setting. Black and white hand-drawn visual style. A very difficult game for any age!,100,,,,,
2382250,hidden_object,Seven Nights Ghost,game,"31 Aug, 2023",False,TozukuGames,TozukuGames,Indie,&quot;Peaceful days full of curses&quot; A heartwarming horror game about exploring in a mysterious company housing and living with a ghost for 7 days,100,,,,,
497580,hidden_object,Agent Walker: Secret Journey,game,"1 Sep, 2016",False,Brave Giant LTD,Artifex Mundi,"Adventure, Casual",Find the Spear of Destiny to save the world!,68,,,,,
1107620,hidden_object,Mystery Island - Hidden Object Games,game,"25 Oct, 2019",False,Crisp App Studio,Crisp App Studio,"Adventure, Casual, Indie",Solve the mystery of the Phaistos disc in the newest hidden object game! Enjoy incredible adventures in the most beautiful corners of Crete and prevent a catastrophe after a failed experiment. Striking and realistic 360-degree panoramas with 3D visual effects!,59,,,,,
3156770,rpg_action,Witchfire,game,"23 Sep, 2024",False,The Astronauts,The Astronauts,"Action, Early Access",Witchfire is a first-person dark fantasy RPG shooter in which you play as a wicked sinner turned witch hunter on his final mission to reach salvation.,100,,,,,
3564740,rpg_action,Where Winds Meet,game,"14 Nov, 2025",True,Everstone Studio,NetEase Games,"Action, Adventure, RPG, Free To Play",Where Winds Meet is an epic Wuxia open-world action-adventure RPG set in ancient China at the tenth century. Players will assume the role of a young sword master as they embark on a journey to uncover the mysteries of their own identity. Let the wind carry your legend on an epic journey to the East!,100,,,,,
587110,rpg_action,Ys: Memories of Celceta,game,"25 Jul, 2018",False,Nihon Falcom,"XSEED Games, Marvelous USA, Inc.","Action, RPG","World-famous red-haired adventurer Adol Christin awakens in the unfamiliar land of Celceta, remembering nothing more than his name. Join Adol and his new friends as he embarks on an adventure to map the wilderness and reclaim his memories in this beloved action RPG from Nihon Falcom.",100,,,,,
2191050,rpg_action,LIFE EFFECT,game,"14 Feb, 2025",False,Effect Studio,GAMEPORTAL.CO,"Action, Adventure, Indie, Early Access","Alien invaders invaded the planet, having exterminated most of the population, humanity, being on the verge of annihilation, united the armies and gave a serious rebuff to the enemy. After several years of war, the climate on the planet has changed. The military founded fortifications.",45,,,,,
1056640,rpg_action,Phantasy Star Online 2 New Genesis,game,"5 Aug, 2020",True,SEGA,SEGA,"Action, Massively Multiplayer, RPG, Free To Play",Phantasy Star Online 2 New Genesis is a free-to-play action MMO. Join players around the world to explore the planet Halpha and fight in epic battles as ARKS Defenders! Unleash your imagination with our ultimate character creation experience and creative spaces to create your own phantasy.,100,,,,,
22330,rpg_action,The Elder Scrolls IV: Oblivion® Game of the Year Edition (2009),game,"16 Jun, 2009",False,Bethesda Game Studios,Bethesda Softworks,RPG,"PUBLISHER UPDATE - This is the product page for The Elder Scrolls IV: Oblivion Game of the Year Edition, released in 2009. ---The Elder Scrolls IV: Oblivion® Game of the Year Edition presents one of the best RPGs of all time like never before. Step inside the most richly detailed and vibrant game-world ever created.",100,,,,,
525480,rpg_action,.hack//G.U. Last Recode,game,"3 Nov, 2017",False,CyberConnect2,Bandai Namco Entertainment,RPG,".hack//G.U. is back! This collection includes all 3 original .hack//G.U. titles, Rebirth, Reminisce, and Redemption, all fully restored and remastered. As well as an all new 4th Volume: .hack//G.U. Reconnection.",100,,,,,
633080,rpg_action,Relic Hunters Legend,game,"14 Aug, 2025",False,Rogue Snail,Rogue Snail,"Action, Adventure, Indie, RPG","A Top-Down Shooter/Looter RPG with a touching story inspired by JRPG classics. Shoot enemies, get loot, and customize your characters. Multiple endgame systems and over 100 hours of play await you solo or up to 4-player co-op!",100,,,,,
1128000,rpg_action,Cube World,game,"30 Sep, 2019",False,Picroma,Picroma,"Adventure, Indie, RPG",Cube World is a voxel-based action RPG with a focus on exploration. It takes place in a procedurally generated fantasy world made up entirely of cubes.,100,,,,,
1292460,rpg_action,Adventure of Samsara,game,"4 Sep, 2025",False,Ilex Games,Atari,"Action, Adventure, Indie, RPG","A hero resurrected. A new Adventure. With stunning, 2D pixel art, Adventure of Samsara combines classic gameplay, a deeply connected world, and a heady, twisting narrative of death, rebirth and memory. Become the Solar Champion and restore balance to the multiverse.",38,,,,,
1552350,casual,The Jackbox Party Pack 8,game,"13 Oct, 2021",False,"Jackbox Games, Inc.","Jackbox Games, Inc.","Casual, Indie, Strategy","Plan your next game night! Jackbox Games is back with 5 hilarious new party games including Drawful Animate, Job Job, The Poll Mine, Weapons Drawn, and The Wheel of Enormous Proportions.",100,,,,,
2390230,casual,The Chef's Shift,game,"31 Mar, 2025",False,Panitia GameDev,Catoptric Games,"Casual, Indie, Simulation, Strategy","The Chef’s Shift is a fast-paced typing game in a restaurant setting, where you’ll both cook &amp; serve food to hungry customers, all done by TYPING.",100,,,,,
1005300,casual,The Jackbox Party Pack 6,game,"16 Oct, 2019",False,"Jackbox Games, Inc.","Jackbox Games, Inc.","Casual, Indie, Strategy","It’s the wildest Party Pack yet, with the absurd deathmatch Trivia Murder Party 2, the weird word circus Dictionarium, the hidden identity game Push The Button, the comedy contest Joke Boat and the offbeat personality test Role Models.",100,,,,,
2296990,casual,We Were Here Expeditions: The FriendShip,game,"14 Sep, 2023",False,Total Mayhem Games,Total Mayhem Games,"Adventure, Casual, Indie","Partner up with your friend online and set sail for an unforgettable puzzle adventure in this bite-sized standalone We Were Here experience. Work together to overcome brain-teasing challenges and make fun memories, using your best communication, teamwork and trust skills.",100,,,,,
2508780,casual,STORY OF SEASONS: Grand Bazaar,game,"27 Aug, 2025",False,Marvelous Inc.,"XSEED Games, Marvelous USA, Inc., Marvelous Europe","Casual, Simulation","Searching for a peaceful farm life, a fresh mountain breeze, and your own market stall? Look no further than the friendly community of Zephyr Town! Here you’ll grow crops and raise animals, get to know the locals, and sell your wares at the town's bazaar to restore it to its former glory.",100,,,,,
206440,casual,To the Moon,game,"7 Sep, 2012",False,Freebird Games,"Freebird Games, Serenity Forge","Adventure, Indie, RPG",A story-driven experience about two doctors traversing backwards through a dying man's memories to artificially fulfill his last wish.,100,,,,,
251670,casual,Battle Nations,game,"18 Sep, 2014",True,Madrona Games Inc,Madrona Games Inc,"Casual, Indie, Simulation, Strategy, Free To Play","Battle Nations is back! Build your empire and lead your armies to victory! Choose from traditional troops and vehicles or unleash exotic forces like mammoths, velociraptors, sandworms, and futuristic plasma units!",100,,,,,
285330,casual,RollerCoaster Tycoon® 2: Triple Thrill Pack,game,"21 May, 2014",False,Chris Sawyer Productions,Atari,"Simulation, Strategy","This compilation includes the entire RollerCoaster Tycoon 2 series, with the original game as well as the Time Twister and Wacky Worlds expansions.",100,,,,,
1536090,casual,Echoes of the Plum Grove,game,"29 Apr, 2024",False,Unwound Games,indie.io,"Casual, Indie, Simulation","A new life awaits in Honeywood! Build a thriving community that will last generations in this cozy farm simulator. Farm, socialize, make friends, cook, craft, forage and uncover the secrets of the island! If someone doesn’t want to be friends? There are always other means.",100,,,,,
3415230,casual,Witchy Business,game,"22 Sep, 2025",False,Rogue Duck Interactive,"Rogue Duck Interactive,  Gamersky Games","Casual, Indie, RPG, Simulation, Strategy","Manage your very own Witchcraft Shop! Witchy Business is a job simulator game where you brew potions for your customers, collect oddities, grow flowers in your garden, upgrade your alchemy station, and thrive. Make sure you are quick to take care of customers and hex thieves!",100,,,,,
959000,puzzle_matching,Edna &amp; Harvey: The Breakout - Anniversary Edition,game,"4 Dec, 2019",False,Daedalic Entertainment,Daedalic Entertainment,"Adventure, Indie","Edna &amp; Harvey are back! The award-winning adventure with high resolution visuals, new technology, intuitive controls – Experience this quirky cult classic with Edna &amp; Harvey anew, but better than ever before!",100,,,,,
22000,puzzle_matching,World of Goo,game,"13 Oct, 2008",False,2D BOY,2D BOY ,Indie,World of Goo is a multiple award winning physics based puzzle / construction game made entirely by two guys.,100,,,,,
2058140,puzzle_matching,Henry Halfhead,game,"16 Sep, 2025",False,Lululu Entertainment,"Lululu Entertainment, popagenda","Action, Adventure, Casual, Indie","Meet Henry, merely half a head, yet with the peculiar ability to become any object within their reach! Discover every object’s unique abilities and cleverly combine them to take Henry through their not-so-ordinary everyday life.",100,,,,,
40720,puzzle_matching,Samorost 2,game,"10 Dec, 2009",False,Amanita Design,Amanita Design,"Adventure, Casual, Indie","Samorost 2 tells a surreal story of a space gnome whose dog just got kidnapped by mischievous aliens. Set out on a short expedition to rescue the pup, deal with curious strangers and relax to the soothing music by Tomáš &quot;Floex&quot; Dvořák.",100,,,,,
418240,puzzle_matching,Shadow Tactics: Blades of the Shogun,game,"6 Dec, 2016",False,Mimimi Games,Daedalic Entertainment,"Indie, Strategy","Shadow Tactics is a hardcore tactical stealth game set in Japan around the Edo period. A new Shogun seizes power over Japan and enforces nationwide peace. In his battle against conspiracy and rebellion, he recruits five specialists with extraordinary skills for assassination, sabotage and espionage.",100,,,,,
1592190,puzzle_matching,BONELAB,game,"29 Sep, 2022",False,Stress Level Zero,Stress Level Zero,"Action, Adventure, Simulation","BONELAB is an experimental physics action game. Explore a mysterious lab filled with weapons, enemies, challenges and secrets. Escape your reality, or wreak havoc. No wrong answers.",100,,,,,
896520,puzzle_matching,Stay Out of the House,game,"13 Oct, 2022",False,Puppet Combo,Puppet Combo,"Action, Adventure, Indie, Simulation",Can you escape the home of a cannibal serial killer? It's only a matter of time until you're dinner!,100,,,,,
2986450,puzzle_matching,Metro Gravity,game,"19 Jun, 2025",False,mrkogamedev,mrkogamedev,"Action, Adventure, Indie","Explore, fight, solve puzzles and bend gravity to escape the dream-like world of the Halls! Metro Gravity is a mind-boggling musical adventure with rhythmic combat and compelling lore.",100,,,,,
1141020,puzzle_matching,Adventure Escape Mysteries,game,"5 May, 2020",True,Haiku Games Co,Haiku Games Co,"Adventure, Casual, Indie, Free To Play","Play a story-driven room escape game with unique puzzles enjoyed by tens of millions of players. Solve mysteries, puzzle through escape rooms, and find the clue that will crack the case in a critically acclaimed puzzle adventure game!",100,,,,,
835430,puzzle_matching,La-Mulana 2,game,"30 Jul, 2018",False,NIGORO,PLAYISM,"Action, Adventure, Indie","The long-awaited sequel to La-Mulana, La-Mulana 2 follows Lumisa Kosugi as she explores the ancient ruins of La-Mulana. Desperate to find the cause of the recent slew of monsters appearing from the ruins, Lumisa discovers the &quot;other&quot; La-Mulana: the ruins known as Eg-Lana.",100,,,,,
3998800,visual_novel,恋爱吗？我家猫会后空翻,game,"28 Nov, 2025",False,光循花火工作室,光循花火工作室,"Casual, RPG, Simulation","Play as the protagonist – a university student with a &quot;superpowered romance system&quot; who attracts six captivating women. Your choices will shape relationships through a branching storyline, allowing you to choose between loyal love or multiple endings. Experience a transformative romantic journey.",6,,,,,
2552420,visual_novel,Tenioha! feat. Mami,game,"29 Oct, 2023",False,rootnuko+H,Shiravune,Adventure,"In this 2022 Moe Game Award–winning dark romance VN, step into the shoes of a submissive young corporate cog whose dream of a big-city bachelor’s lifestyle remains elusive—that is, until he catches the captivating gaze of one Mami Himekawa, his dommy-mommy, slightly older coworker...",10,,,,,
2507560,visual_novel,Type-NOISE: Shonen Shojo,game,"16 Sep, 2025",False,DankHearts, WhisperGames,Adventure,Type-NOISE: Shonen Shojo is a multi-ending mystery adventure game. A group of boys and girls who have lost their memories gather in a “Tokyo” that is both familiar and unfamiliar. They must trace their lost memories to escape the bizarre labyrinths. Are they prepared to confront their “true selves”?,11,,,,,
2544760,visual_novel,Kuroinu 2 Redux,game,"6 Nov, 2023",False,Liquid,Shiravune,Adventure,"As the Nation faces invasion from the peoples it has pillaged for a century, one man defends it: Derek Rondo, the second coming of the Mercenary King Vult. He fights for his country, but plots to seize the throne for himself... A new visual novel betrayal epic begins from within!",15,,,,,
1183260,visual_novel,TrymenT ―献给渴望改变的你― AlphA篇,game,"20 Feb, 2020",False,TrymenT,HIKARI FIELD,"Adventure, Casual",《TrymenT—献给渴望改变的你—》是由2016年被誉为业界年度黑马，并荣获了萌系游戏大赏剧本金奖的作品《Re;LieF～致亲爱的你～》的原班人马所打造的共享世界观与游戏角色，并以群像剧视角重新演绎的全新作品。本作拥有令人一见倾心的顶级场景绘画，以及拥有余音绕梁般魔力的优秀配乐。,13,,,,,
1618230,visual_novel,恋爱关系/Romance,game,"24 Sep, 2021",False,AFOG,AFOG,"Casual, Simulation","It is a love oriented short visual novel, which contains a wealth of interesting games and a large number of exquisite CG pictures. The man lives in the same apartment with his friends, works in the same company, and leads a monotonous life. The appearance of interns has changed the repetitive life.",29,,,,,
1181840,visual_novel,HIVESWAP: ACT 2,game,"25 Nov, 2020",False,"What Pumpkin Games, Inc.","What Pumpkin Games, Inc.","Adventure, Indie, RPG","Continue Joey and Xefros’s adventure through the dark and dangerous planet Alternia. Meet dozens of unique and memorable characters, some more helpful than others, as you navigate this volatile alien culture. Hurry up! There’s a train to catch.",100,,,,,
1574270,visual_novel,Sucker for Love: First Date,game,"20 Jan, 2022",False,Akabaka,DreadXP,"Indie, RPG, Simulation",Put the 'love' in 'Lovecraftian horror'! Perform terrifying rituals to win the affections of eldritch horrors and smooch 'em... at any cost!,100,,,,,
3887700,visual_novel,Girls' Frontline,,,,,,,,100,,,,,
2734450,visual_novel,Folie Fatale,game,"30 May, 2024",False,Kanmidoko (神海処),346lab Localization,"Adventure, Indie, Simulation","All capture targets are mentally &quot;Jirai&quot;(landmine)!? Meet these eccentric boys, reveal the truth beneath in this Psycho-love-horror VN!",18,,,,,
